<?xml version="1.0" encoding="UTF-8"?><root><user>Batman</user><images><image><imageTitle>bart.jpg</imageTitle><imageSize>118</imageSize><imageHash>-622904951</imageHash></image><image><imageTitle>mickeymouse.jpg</imageTitle><imageSize>150</imageSize><imageHash>-1705635731</imageHash></image><image><imageTitle>pikachu.jpg</imageTitle><imageSize>76</imageSize><imageHash>1964965825</imageHash></image><image><imageTitle>spongebob.jpg</imageTitle><imageSize>26</imageSize><imageHash>-1174147013</imageHash></image></images><date>31/05/2019</date></root>